Distance,Tee,Fairway,Rough,Sand,Recovery,Putt
0,0.00,0.00,0.00,0.00,0.00,0.00
1,1.22,1.22,1.50,2.49,2.04,1.02
2,1.47,1.47,1.61,2.51,2.19,1.05
3,1.71,1.71,1.72,2.52,2.34,1.07
4,1.85,1.85,1.84,2.53,2.49,1.18
5,1.97,1.97,1.96,2.54,2.65,1.29
6,2.04,2.04,2.06,2.55,2.80,1.40
7,2.11,2.11,2.16,2.57,2.94,1.50
8,2.17,2.17,2.26,2.58,3.07,1.60
9,2.23,2.23,2.34,2.59,3.18,1.71
10,2.26,2.26,2.40,2.60,3.26,1.76
11,2.29,2.29,2.43,2.61,3.30,1.79
12,2.31,2.31,2.47,2.63,3.34,1.83
13,2.34,2.34,2.50,2.65,3.39,1.86
14,2.36,2.36,2.53,2.66,3.43,1.88
15,2.39,2.39,2.57,2.67,3.47,1.92
16,2.42,2.42,2.60,2.68,3.51,1.94
17,2.45,2.45,2.64,2.69,3.56,1.94
18,2.47,2.47,2.68,2.70,3.61,1.96
19,2.50,2.50,2.71,2.71,3.65,1.97
20,2.53,2.53,2.74,2.72,3.69,1.99
21,2.54,2.54,2.75,2.73,3.70,2.00
22,2.55,2.55,2.76,2.75,3.71,2.00
23,2.56,2.56,2.77,2.76,3.72,2.01
24,2.57,2.57,2.79,2.78,3.74,2.01
25,2.59,2.59,2.80,2.80,3.75,2.02
26,2.60,2.60,2.81,2.82,3.76,2.03
27,2.61,2.61,2.82,2.83,3.77,2.03
28,2.62,2.62,2.83,2.85,3.80,2.05
29,2.63,2.63,2.86,2.86,3.81,2.05
30,2.64,2.64,2.87,2.88,3.82,2.06
31,2.65,2.65,2.88,2.89,3.83,2.06
32,2.66,2.66,2.89,2.90,3.84,2.07
33,2.67,2.67,2.90,2.92,3.85,2.08
34,2.68,2.68,2.91,2.93,3.86,2.09
35,2.69,2.69,2.92,2.95,3.87,2.09
36,2.70,2.70,2.93,2.97,3.88,2.09
37,2.71,2.71,2.94,2.99,3.89,2.10
38,2.72,2.72,2.95,3.00,3.90,2.11
39,2.73,2.73,2.96,3.02,3.92,2.11
40,2.74,2.74,2.97,3.03,3.93,2.12
41,2.75,2.75,2.98,3.05,3.94,2.13
42,2.76,2.76,2.99,3.06,3.94,2.13
43,2.77,2.77,2.99,3.08,3.95,2.14
44,2.77,2.77,2.99,3.10,3.96,2.15
45,2.78,2.78,3.00,3.11,3.96,2.16
46,2.78,2.78,3.00,3.13,3.96,2.16
47,2.79,2.79,3.01,3.15,3.97,2.17
48,2.79,2.79,3.01,3.17,3.97,2.18
49,2.80,2.80,3.01,3.19,3.98,2.19
50,2.80,2.80,3.02,3.21,3.99,2.19
51,2.81,2.81,3.03,3.22,4.00,2.19
52,2.81,2.81,3.04,3.24,4.00,2.20
53,2.83,2.83,3.05,3.26,4.01,2.20
54,2.83,2.83,3.06,3.28,4.02,2.21
55,2.84,2.84,3.07,3.30,4.03,2.22
56,2.84,2.84,3.09,3.31,4.03,2.23
57,2.85,2.85,3.10,3.34,4.04,2.23
58,2.85,2.85,3.11,3.36,4.05,2.24
59,2.87,2.87,3.12,3.37,4.06,2.25
60,2.87,2.87,3.14,3.39,4.06,2.25
61,2.87,2.87,3.14,3.40,4.06,2.26
62,2.88,2.88,3.15,3.41,4.07,2.27
63,2.88,2.88,3.15,3.41,4.07,2.28
64,2.88,2.88,3.15,3.42,4.07,2.28
65,2.89,2.89,3.16,3.43,4.07,2.29
66,2.90,2.90,3.17,3.44,4.08,2.30
67,2.90,2.90,3.17,3.44,4.08,2.31
68,2.90,2.90,3.17,3.45,4.08,2.31
69,2.90,2.90,3.18,3.46,4.08,2.32
70,2.91,2.91,3.19,3.47,4.09,2.33
71,2.92,2.92,3.19,3.47,4.09,2.33
72,2.92,2.92,3.19,3.47,4.09,2.34
73,2.92,2.92,3.19,3.49,4.09,2.35
74,2.93,2.93,3.21,3.49,4.10,2.36
75,2.93,2.93,3.21,3.50,4.09,2.36
76,2.93,2.93,3.21,3.50,4.09,2.37
77,2.94,2.94,3.21,3.52,4.09,2.38
78,2.95,2.95,3.23,3.52,4.10,2.39
79,2.95,2.95,3.23,3.53,4.10,2.39
80,2.95,2.95,3.23,3.53,4.10,2.40
81,2.96,2.96,3.24,3.54,4.11,2.41
82,2.97,2.97,3.25,3.55,4.12,2.41
83,2.98,2.98,3.26,3.56,4.12,2.42
84,2.98,2.98,3.27,3.56,4.13,2.43
85,2.99,2.99,3.28,3.57,4.14,2.44
86,3.00,3.00,3.29,3.58,4.15,2.44
87,3.01,3.01,3.30,3.59,4.15,2.45
88,3.01,3.01,3.30,3.59,4.16,2.46
89,3.02,3.02,3.32,3.60,4.17,2.47
90,3.03,3.03,3.33,3.61,4.18,2.47
91,3.04,3.04,3.33,3.61,4.18,2.48
92,3.04,3.04,3.35,3.61,4.19,2.49
93,3.05,3.05,3.36,3.62,4.20,2.49
94,3.06,3.06,3.36,3.63,4.21,2.50
95,3.07,3.07,3.38,3.64,4.21,2.51
96,3.07,3.07,3.39,3.65,4.22,2.52
97,3.08,3.08,3.39,3.65,4.23,2.52
98,3.09,3.09,3.40,3.66,4.24,2.53
99,3.10,3.10,3.42,3.67,4.24,2.54
100,3.22,3.10,3.43,3.68,4.25,2.55
101,3.23,3.11,3.43,3.68,4.26,2.55
102,3.24,3.12,3.45,3.69,4.27,2.56
103,3.25,3.13,3.46,3.70,4.27,2.57
104,3.25,3.13,3.46,3.71,4.28,2.57
105,3.27,3.14,3.48,3.71,4.29,2.58
106,3.27,3.15,3.49,3.71,4.29,2.59
107,3.28,3.16,3.49,3.72,4.29,2.60
108,3.29,3.16,3.50,3.73,4.30,2.60
109,3.30,3.17,3.52,3.73,4.31,2.61
110,3.31,3.18,3.52,3.74,4.32,2.62
111,3.32,3.19,3.53,3.75,4.32,2.63
112,3.32,3.19,3.55,3.76,4.33,2.63
113,3.34,3.20,3.55,3.77,4.34,2.64
114,3.34,3.21,3.56,3.77,4.35,2.65
115,3.35,3.22,3.58,3.78,4.35,2.65
116,3.36,3.22,3.58,3.78,4.35,2.66
117,3.37,3.23,3.59,3.79,4.36,2.67
118,3.37,3.24,3.60,3.79,4.37,2.68
119,3.39,3.25,3.61,3.80,4.37,2.68
120,3.39,3.25,3.62,3.81,4.38,2.69
121,3.40,3.26,3.63,3.82,4.39,
122,3.40,3.27,3.65,3.83,4.40,
123,3.41,3.28,3.66,3.84,4.41,
124,3.42,3.29,3.67,3.85,4.42,
125,3.42,3.30,3.69,3.86,4.44,
126,3.42,3.31,3.69,3.87,4.45,
127,3.43,3.32,3.70,3.89,4.46,
128,3.43,3.32,3.72,3.90,4.47,
129,3.44,3.34,3.73,3.91,4.48,
130,3.45,3.35,3.75,3.93,4.49,
131,3.45,3.35,3.76,3.94,4.50,
132,3.46,3.37,3.77,3.95,4.51,
133,3.47,3.38,3.79,3.96,4.52,
134,3.47,3.38,3.80,3.97,4.53,
135,3.48,3.40,3.81,3.98,4.55,
136,3.48,3.41,3.82,3.99,4.56,
137,3.48,3.41,3.83,4.01,4.57,
138,3.49,3.42,3.84,4.02,4.58,
139,3.50,3.44,3.86,4.03,4.59,
140,3.50,3.44,3.87,4.04,4.60,
141,3.51,3.45,3.88,4.05,4.61,
142,3.52,3.47,3.90,4.07,4.62,
143,3.52,3.47,3.91,4.08,4.63,
144,3.53,3.48,3.93,4.09,4.64,
145,3.55,3.50,3.94,4.12,4.65,
146,3.55,3.50,3.94,4.13,4.66,
147,3.56,3.51,3.96,4.14,4.67,
148,3.57,3.53,3.97,4.15,4.68,
149,3.57,3.53,3.99,4.17,4.69,
150,3.58,3.55,4.00,4.18,4.71,
151,3.59,3.56,4.01,4.20,4.72,
152,3.60,3.57,4.03,4.22,4.73,
153,3.60,3.58,4.04,4.23,4.75,
154,3.61,3.59,4.06,4.25,4.76,
155,3.63,3.60,4.07,4.27,4.77,
156,3.64,3.62,4.08,4.28,4.78,
157,3.65,3.63,4.11,4.30,4.79,
158,3.65,3.63,4.12,4.31,4.81,
159,3.66,3.65,4.14,4.34,4.82,
160,3.67,3.66,4.15,4.35,4.83,
161,3.68,3.68,4.16,4.37,4.84,
162,3.70,3.69,4.18,4.39,4.85,
163,3.70,3.70,4.19,4.41,4.87,
164,3.71,3.71,4.21,4.42,4.88,
165,3.73,3.73,4.22,4.45,4.89,
166,3.74,3.74,4.23,4.47,4.90,
167,3.75,3.76,4.25,4.49,4.91,
168,3.75,3.76,4.26,4.51,4.93,
169,3.77,3.78,4.29,4.52,4.94,
170,3.78,3.79,4.30,4.55,4.96,
171,3.79,3.81,4.31,4.57,4.97,
172,3.81,3.82,4.33,4.59,4.98,
173,3.81,3.83,4.34,4.61,5.00,
174,3.82,3.84,4.36,4.63,5.01,
175,3.84,3.86,4.37,4.65,5.02,
176,3.85,3.87,4.38,4.68,5.04,
177,3.86,3.89,4.41,4.70,5.05,
178,3.87,3.90,4.42,4.72,5.07,
179,3.89,3.92,4.44,4.74,5.08,
180,3.90,3.93,4.46,4.77,5.10,
181,3.91,3.95,4.48,4.80,5.11,
182,3.93,3.96,4.49,4.82,5.14,
183,3.94,3.98,4.52,4.84,5.15,
184,3.95,3.99,4.53,4.87,5.17,
185,3.97,4.01,4.56,4.90,5.18,
186,3.98,4.02,4.57,4.93,5.21,
187,3.99,4.04,4.59,4.94,5.22,
188,4.01,4.05,4.61,4.97,5.24,
189,4.02,4.07,4.63,5.00,5.25,
190,4.04,4.09,4.65,5.03,5.28,
191,4.05,4.10,4.67,5.05,5.29,
192,4.06,4.12,4.69,5.07,5.31,
193,4.08,4.13,4.70,5.10,5.32,
194,4.09,4.15,4.73,5.13,5.35,
195,4.10,4.16,4.74,5.15,5.36,
196,4.12,4.18,4.76,5.18,5.38,
197,4.13,4.19,4.78,5.21,5.39,
198,4.14,4.21,4.80,5.24,5.42,
199,4.16,4.22,4.81,5.25,5.43,
200,4.17,4.24,4.84,5.28,5.45,
201,4.18,4.26,4.86,5.30,5.45,
202,4.19,4.26,4.86,5.33,5.47,
203,4.20,4.28,4.88,5.34,5.48,
204,4.20,4.29,4.89,5.36,5.49,
205,4.21,4.30,4.91,5.38,5.50,
206,4.23,4.32,4.92,5.40,5.52,
207,4.23,4.33,4.93,5.42,5.53,
208,4.24,4.34,4.94,5.44,5.54,
209,4.24,4.35,4.96,5.46,5.55,
210,4.26,4.37,4.98,5.48,5.57,
211,4.27,4.38,4.99,5.50,5.57,
212,4.27,4.39,5.00,5.52,5.58,
213,4.28,4.40,5.01,5.54,5.59,
214,4.29,4.41,5.03,5.56,5.61,
215,4.30,4.43,5.04,5.58,5.62,
216,4.31,4.44,5.06,5.60,5.63,
217,4.31,4.45,5.07,5.62,5.64,
218,4.33,4.47,5.08,5.64,5.66,
219,4.33,4.47,5.09,5.65,5.67,
220,4.34,4.49,5.11,5.68,5.68,
221,4.35,4.51,5.13,5.70,5.68,
222,4.36,4.51,5.14,5.71,5.70,
223,4.37,4.53,5.15,5.73,5.71,
224,4.38,4.54,5.16,5.76,5.72,
225,4.39,4.55,5.18,5.78,5.73,
226,4.39,4.56,5.19,5.79,5.75,
227,4.41,4.58,5.20,5.81,5.75,
228,4.41,4.58,5.21,5.83,5.76,
229,4.43,4.60,5.22,5.84,5.76,
230,4.43,4.61,5.24,5.86,5.78,
231,4.43,4.61,5.24,5.88,5.79,
232,4.45,4.63,5.26,5.88,5.79,
233,4.45,4.63,5.26,5.90,5.80,
234,4.47,4.65,5.28,5.92,5.81,
235,4.47,4.66,5.28,5.94,5.82,
236,4.47,4.66,5.30,5.95,5.83,
237,4.49,4.68,5.30,5.97,5.83,
238,4.49,4.69,5.32,5.99,5.85,
239,4.51,4.70,5.33,6.00,5.85,
240,4.51,4.71,5.34,6.02,5.86,
241,4.52,4.72,5.36,6.03,5.87,
242,4.54,4.73,5.36,6.05,5.88,
243,4.55,4.74,5.38,6.06,5.89,
244,4.57,4.76,5.38,6.08,5.89,
245,4.58,4.76,5.40,6.09,5.91,
246,4.59,4.77,5.40,6.11,5.92,
247,4.61,4.79,5.42,6.12,5.92,
248,4.62,4.79,5.42,6.14,5.93,
249,4.64,4.81,5.44,6.15,5.94,
250,4.65,4.82,5.45,6.17,5.95,
251,3.66,4.82,5.46,6.17,5.95,
252,3.67,4.83,5.46,6.17,5.96,
253,3.68,4.83,5.47,6.18,5.96,
254,3.69,4.84,5.47,6.18,5.96,
255,3.70,4.85,5.48,6.19,5.97,
256,3.71,4.85,5.48,6.19,5.97,
257,3.72,4.86,5.49,6.20,5.97,
258,3.73,4.87,5.49,6.20,5.97,
259,3.74,4.87,5.50,6.21,5.98,
260,3.75,4.88,5.50,6.21,5.98,
261,3.76,4.89,5.50,6.21,5.98,
262,3.78,4.89,5.51,6.22,5.99,
263,3.79,4.90,5.51,6.22,5.99,
264,3.81,4.90,5.52,6.22,5.99,
265,3.82,4.91,5.52,6.23,6.00,
266,3.83,4.91,5.53,6.23,6.00,
267,3.85,4.92,5.53,6.23,6.00,
268,3.86,4.92,5.54,6.24,6.01,
269,3.87,4.93,5.54,6.24,6.01,
270,3.89,4.94,5.55,6.25,6.02,
271,3.90,4.94,5.55,6.25,6.02,
272,3.92,4.95,5.55,6.25,6.02,
273,3.93,4.95,5.56,6.26,6.03,
274,3.94,4.96,5.56,6.26,6.03,
275,3.96,4.96,5.57,6.26,6.03,
276,3.97,4.97,5.57,6.27,6.04,
277,3.98,4.97,5.58,6.27,6.04,
278,4.00,4.98,5.58,6.27,6.04,
279,4.01,4.98,5.59,6.28,6.05,
280,4.03,4.99,5.59,6.28,6.05,
281,4.03,4.99,5.59,6.28,6.06,
282,4.04,5.00,5.60,6.28,6.06,
283,4.05,5.00,5.60,6.29,6.07,
284,4.05,5.01,5.60,6.29,6.07,
285,4.06,5.01,5.61,6.29,6.08,
286,4.07,5.02,5.61,6.29,6.08,
287,4.07,5.02,5.61,6.29,6.09,
288,4.08,5.03,5.62,6.30,6.09,
289,4.09,5.03,5.62,6.30,6.10,
290,4.09,5.04,5.63,6.30,6.10,
291,4.10,5.04,5.63,6.30,6.11,
292,4.11,5.04,5.63,6.30,6.11,
293,4.11,5.05,5.64,6.31,6.12,
294,4.12,5.05,5.64,6.31,6.12,
295,4.13,5.06,5.64,6.31,6.13,
296,4.14,5.06,5.65,6.31,6.13,
297,4.14,5.07,5.65,6.31,6.14,
298,4.14,5.07,5.65,6.32,6.14,
299,4.16,5.08,5.66,6.32,6.15,
300,4.16,5.08,5.66,6.32,6.15,
301,4.16,5.08,5.66,6.32,6.16,
302,4.18,5.09,5.67,6.33,6.16,
303,4.18,5.09,5.67,6.33,6.17,
304,4.20,5.09,5.67,6.34,6.17,
305,4.20,5.10,5.67,6.34,6.18,
306,4.20,5.10,5.68,6.34,6.18,
307,4.22,5.10,5.68,6.35,6.19,
308,4.22,5.10,5.68,6.35,6.19,
309,4.24,5.11,5.68,6.36,6.20,
310,4.24,5.11,5.69,6.36,6.21,
311,4.24,5.11,5.69,6.36,6.21,
312,4.26,5.12,5.69,6.37,6.22,
313,4.26,5.12,5.69,6.37,6.22,
314,4.28,5.12,5.70,6.38,6.23,
315,4.28,5.13,5.70,6.38,6.23,
316,4.28,5.13,5.70,6.38,6.24,
317,4.30,5.13,5.70,6.39,6.24,
318,4.30,5.13,5.71,6.39,6.25,
319,4.32,5.14,5.71,6.40,6.25,
320,4.32,5.14,5.71,6.40,6.26,
321,4.32,5.14,5.71,6.41,6.27,
322,4.34,5.14,5.72,6.41,6.27,
323,4.34,5.15,5.72,6.42,6.28,
324,4.35,5.15,5.72,6.43,6.29,
325,4.36,5.15,5.73,6.44,6.29,
326,4.36,5.15,5.73,6.44,6.30,
327,4.37,5.15,5.73,6.45,6.31,
328,4.38,5.16,5.74,6.46,6.31,
329,4.39,5.16,5.74,6.46,6.32,
330,4.40,5.16,5.75,6.47,6.33,
331,4.40,5.16,5.75,6.48,6.33,
332,4.41,5.16,5.75,6.48,6.34,
333,4.42,5.17,5.76,6.49,6.34,
334,4.43,5.17,5.76,6.50,6.35,
335,4.43,5.17,5.76,6.51,6.36,
336,4.44,5.17,5.77,6.51,6.36,
337,4.45,5.17,5.77,6.52,6.37,
338,4.45,5.18,5.77,6.53,6.38,
339,4.47,5.18,5.78,6.53,6.38,
340,4.47,5.18,5.78,6.54,6.39,
341,4.47,5.18,5.78,6.55,6.40,
342,4.49,5.19,5.79,6.56,6.40,
343,4.49,5.19,5.79,6.56,6.41,
344,4.50,5.19,5.80,6.57,6.41,
345,4.51,5.20,5.80,6.58,6.42,
346,4.51,5.20,5.81,6.59,6.43,
347,4.52,5.20,5.81,6.59,6.43,
348,4.52,5.21,5.82,6.60,6.44,
349,4.54,5.21,5.82,6.61,6.44,
350,4.54,5.22,5.83,6.62,6.45,
351,4.55,5.22,5.83,6.62,6.46,
352,4.56,5.22,5.83,6.63,6.46,
353,4.57,5.23,5.84,6.64,6.47,
354,4.57,5.23,5.84,6.65,6.47,
355,4.59,5.23,5.85,6.65,6.48,
356,4.59,5.24,5.85,6.66,6.49,
357,4.60,5.24,5.86,6.67,6.49,
358,4.60,5.24,5.86,6.68,6.50,
359,4.62,5.25,5.87,6.68,6.50,
360,4.62,5.25,5.87,6.69,6.51,
361,4.63,5.25,5.88,6.70,6.52,
362,4.63,5.26,5.88,6.70,6.52,
363,4.65,5.26,5.89,6.71,6.53,
364,4.65,5.27,5.89,6.72,6.53,
365,4.66,5.27,5.90,6.73,6.54,
366,4.66,5.27,5.90,6.73,6.54,
367,4.67,5.28,5.91,6.74,6.55,
368,4.68,5.28,5.91,6.75,6.55,
369,4.69,5.29,5.92,6.75,6.56,
370,4.69,5.29,5.92,6.76,6.56,
371,4.70,5.29,5.93,6.77,6.57,
372,4.70,5.30,5.93,6.77,6.57,
373,4.72,5.30,5.94,6.78,6.58,
374,4.72,5.31,5.94,6.79,6.58,
375,4.73,5.31,5.95,6.80,6.59,
376,4.73,5.31,5.95,6.80,6.59,
377,4.74,5.32,5.96,6.81,6.60,
378,4.75,5.32,5.96,6.82,6.60,
379,4.76,5.33,5.97,6.82,6.61,
380,4.76,5.33,5.97,6.83,6.61,
381,4.77,5.33,5.97,6.84,6.61,
382,4.77,5.34,5.98,6.84,6.62,
383,4.78,5.34,5.98,6.85,6.62,
384,4.79,5.35,5.99,6.86,6.63,
385,4.80,5.35,5.99,6.87,6.63,
386,4.80,5.35,6.00,6.87,6.64,
387,4.81,5.36,6.00,6.88,6.64,
388,4.81,5.36,6.01,6.89,6.65,
389,4.82,5.37,6.01,6.89,6.65,
390,4.83,5.37,6.02,6.90,6.66,
391,4.84,5.37,6.02,6.91,6.66,
392,4.84,5.38,6.02,6.91,6.66,
393,4.85,5.38,6.03,6.92,6.67,
394,4.85,5.39,6.03,6.93,6.67,
395,4.86,5.39,6.04,6.94,6.68,
396,4.86,5.39,6.04,6.94,6.68,
397,4.88,5.40,6.05,6.95,6.69,
398,4.88,5.40,6.05,6.96,6.69,
399,4.89,5.41,6.06,6.96,6.70,
400,4.89,5.41,6.06,6.97,6.70,
401,4.90,5.41,6.06,6.97,6.70,
402,4.90,5.41,6.06,6.97,6.70,
403,4.91,5.42,6.07,6.98,6.71,
404,4.92,5.42,6.07,6.98,6.71,
405,4.93,5.42,6.07,6.98,6.71,
406,4.94,5.42,6.07,6.98,6.71,
407,4.94,5.42,6.07,6.98,6.71,
408,4.95,5.43,6.08,6.99,6.72,
409,4.95,5.43,6.08,6.99,6.72,
410,4.97,5.43,6.08,6.99,6.72,
411,4.98,5.43,6.08,6.99,6.72,
412,4.98,5.43,6.08,6.99,6.72,
413,4.99,5.44,6.09,7.00,6.73,
414,4.99,5.44,6.09,7.00,6.73,
415,5.00,5.44,6.09,7.00,6.73,
416,5.01,5.44,6.09,7.00,6.73,
417,5.02,5.44,6.09,7.00,6.73,
418,5.03,5.45,6.10,7.01,6.74,
419,5.03,5.45,6.10,7.01,6.74,
420,5.04,5.45,6.10,7.01,6.74,
421,5.05,5.45,6.10,7.01,6.74,
422,5.06,5.46,6.11,7.02,6.75,
423,5.07,5.46,6.11,7.02,6.75,
424,5.07,5.46,6.11,7.02,6.75,
425,5.09,5.46,6.11,7.02,6.75,
426,5.10,5.47,6.12,7.03,6.76,
427,5.10,5.47,6.12,7.03,6.76,
428,5.11,5.47,6.12,7.03,6.76,
429,5.12,5.47,6.12,7.03,6.76,
430,5.13,5.48,6.13,7.04,6.77,
431,5.14,5.48,6.13,7.04,6.77,
432,5.15,5.48,6.13,7.04,6.77,
433,5.16,5.48,6.13,7.04,6.77,
434,5.16,5.49,6.14,7.05,6.78,
435,5.18,5.49,6.14,7.05,6.78,
436,5.19,5.49,6.14,7.05,6.78,
437,5.19,5.49,6.14,7.05,6.78,
438,5.20,5.50,6.15,7.06,6.79,
439,5.21,5.50,6.15,7.06,6.79,
440,5.22,5.50,6.15,7.06,6.79,
441,5.23,5.50,6.15,7.06,6.79,
442,5.24,5.51,6.16,7.07,6.80,
443,5.25,5.51,6.16,7.07,6.80,
444,5.26,5.52,6.17,7.08,6.81,
445,5.27,5.52,6.17,7.08,6.81,
446,5.29,5.53,6.18,7.09,6.82,
447,5.29,5.53,6.18,7.09,6.82,
448,5.31,5.54,6.19,7.10,6.83,
449,5.31,5.54,6.19,7.10,6.83,
450,5.33,5.55,6.20,7.11,6.84,
451,5.34,5.55,6.20,7.11,6.84,
452,5.34,5.55,6.20,7.11,6.84,
453,5.36,5.56,6.21,7.12,6.85,
454,5.36,5.56,6.21,7.12,6.85,
455,5.38,5.57,6.22,7.13,6.86,
456,5.38,5.57,6.22,7.13,6.86,
457,5.40,5.58,6.23,7.14,6.87,
458,5.40,5.58,6.23,7.14,6.87,
459,5.42,5.59,6.24,7.15,6.88,
460,5.42,5.59,6.24,7.15,6.88,
461,5.44,5.60,6.25,7.16,6.89,
462,5.44,5.60,6.25,7.16,6.89,
463,5.46,5.61,6.26,7.17,6.90,
464,5.46,5.61,6.26,7.17,6.90,
465,5.48,5.62,6.27,7.18,6.91,
466,5.48,5.62,6.27,7.18,6.91,
467,5.50,5.63,6.28,7.19,6.92,
468,5.50,5.63,6.28,7.19,6.92,
469,5.52,5.64,6.29,7.20,6.93,
470,5.53,5.65,6.30,7.21,6.94,
471,5.54,5.65,6.30,7.21,6.94,
472,5.55,5.66,6.31,7.22,6.95,
473,5.56,5.66,6.31,7.22,6.95,
474,5.57,5.67,6.32,7.23,6.96,
475,5.58,5.67,6.32,7.23,6.96,
476,5.59,5.68,6.33,7.24,6.97,
477,5.60,5.68,6.33,7.24,6.97,
478,5.61,5.69,6.34,7.25,6.98,
479,5.62,5.69,6.34,7.25,6.98,
480,5.63,5.70,6.35,7.26,6.99,
481,5.65,5.71,6.36,7.27,7.00,
482,5.65,5.71,6.36,7.27,7.00,
483,5.67,5.72,6.37,7.28,7.01,
484,5.68,5.73,6.38,7.29,7.02,
485,5.69,5.73,6.38,7.29,7.02,
486,5.70,5.74,6.39,7.30,7.03,
487,5.72,5.75,6.40,7.31,7.04,
488,5.72,5.75,6.40,7.31,7.04,
489,5.74,5.76,6.41,7.32,7.05,
490,5.75,5.77,6.42,7.33,7.06,
491,5.76,5.77,6.42,7.33,7.06,
492,5.77,5.78,6.43,7.34,7.07,
493,5.78,5.78,6.43,7.34,7.07,
494,5.79,5.79,6.44,7.35,7.08,
495,5.81,5.80,6.45,7.36,7.09,
496,5.81,5.80,6.45,7.36,7.09,
497,5.83,5.81,6.46,7.37,7.10,
498,5.84,5.82,6.47,7.38,7.11,
499,5.85,5.82,6.47,7.38,7.11,
500,5.86,5.83,6.48,7.39,7.12,
501,5.87,5.84,6.49,7.40,7.13,
502,5.87,5.84,6.49,7.40,7.13,
503,5.88,5.85,6.50,7.41,7.14,
504,5.89,5.86,6.51,7.42,7.15,
505,5.89,5.86,6.51,7.42,7.15,
506,5.90,5.87,6.52,7.43,7.16,
507,5.91,5.88,6.53,7.44,7.17,
508,5.91,5.88,6.53,7.44,7.17,
509,5.92,5.89,6.54,7.45,7.18,
510,5.93,5.90,6.55,7.46,7.19,
511,5.93,5.90,6.55,7.46,7.19,
512,5.94,5.91,6.56,7.47,7.20,
513,5.94,5.91,6.56,7.47,7.20,
514,5.95,5.92,6.57,7.48,7.21,
515,5.96,5.93,6.58,7.49,7.22,
516,5.96,5.93,6.58,7.49,7.22,
517,5.97,5.94,6.59,7.50,7.23,
518,5.98,5.95,6.60,7.51,7.24,
519,5.98,5.95,6.60,7.51,7.24,
520,5.99,5.96,6.61,7.52,7.25,
521,6.00,5.97,6.62,7.53,7.26,
522,6.00,5.97,6.62,7.53,7.26,
523,6.01,5.98,6.63,7.54,7.27,
524,6.01,5.98,6.63,7.54,7.27,
525,6.02,5.99,6.64,7.55,7.28,
526,6.02,6.00,6.65,7.56,7.29,
527,6.03,6.00,6.65,7.56,7.29,
528,6.03,6.01,6.66,7.57,7.30,
529,6.04,6.01,6.66,7.57,7.30,
530,6.05,6.02,6.67,7.58,7.31,
531,6.05,6.03,6.68,7.59,7.32,
532,6.06,6.03,6.68,7.59,7.32,
533,6.06,6.04,6.69,7.60,7.33,
534,6.07,6.04,6.69,7.60,7.33,
535,6.07,6.05,6.70,7.61,7.34,
536,6.08,6.06,6.71,7.62,7.35,
537,6.08,6.06,6.71,7.62,7.35,
538,6.09,6.07,6.72,7.63,7.36,
539,6.09,6.07,6.72,7.63,7.36,
540,6.10,6.08,6.73,7.64,7.37,
541,6.10,6.08,6.73,7.64,7.37,
542,6.11,6.09,6.74,7.65,7.38,
543,6.11,6.09,6.74,7.65,7.38,
544,6.12,6.10,6.75,7.66,7.39,
545,6.12,6.10,6.75,7.66,7.39,
546,6.13,6.10,6.75,7.66,7.39,
547,6.13,6.11,6.76,7.67,7.40,
548,6.14,6.11,6.76,7.67,7.40,
549,6.14,6.12,6.77,7.68,7.41,
550,6.15,6.12,6.77,7.68,7.41,
551,6.15,6.12,6.77,7.68,7.41,
552,6.15,6.13,6.78,7.69,7.42,
553,6.16,6.13,6.78,7.69,7.42,
554,6.16,6.14,6.79,7.70,7.43,
555,6.17,6.14,6.79,7.70,7.43,
556,6.17,6.14,6.79,7.70,7.43,
557,6.18,6.15,6.80,7.71,7.44,
558,6.18,6.15,6.80,7.71,7.44,
559,6.19,6.16,6.81,7.72,7.45,
560,6.19,6.16,6.81,7.72,7.45,
561,6.19,6.16,6.81,7.72,7.45,
562,6.20,6.17,6.82,7.73,7.46,
563,6.20,6.17,6.82,7.73,7.46,
564,6.20,6.17,6.82,7.73,7.46,
565,6.20,6.17,6.82,7.73,7.46,
566,6.21,6.18,6.83,7.74,7.47,
567,6.21,6.18,6.83,7.74,7.47,
568,6.21,6.18,6.83,7.74,7.47,
569,6.21,6.18,6.83,7.74,7.47,
570,6.22,6.19,6.84,7.75,7.48,
571,6.22,6.19,6.84,7.75,7.48,
572,6.22,6.19,6.84,7.75,7.48,
573,6.22,6.19,6.84,7.75,7.48,
574,6.23,6.20,6.85,7.76,7.49,
575,6.23,6.20,6.85,7.76,7.49,
576,6.23,6.20,6.85,7.76,7.49,
577,6.23,6.20,6.85,7.76,7.49,
578,6.24,6.21,6.86,7.77,7.50,
579,6.24,6.21,6.86,7.77,7.50,
580,6.24,6.21,6.86,7.77,7.50,
581,6.24,6.21,6.86,7.77,7.50,
582,6.24,6.21,6.86,7.77,7.50,
583,6.24,6.21,6.86,7.77,7.50,
584,6.25,6.22,6.87,7.78,7.51,
585,6.25,6.22,6.87,7.78,7.51,
586,6.25,6.22,6.87,7.78,7.51,
587,6.25,6.22,6.87,7.78,7.51,
588,6.25,6.22,6.87,7.78,7.51,
589,6.25,6.22,6.87,7.78,7.51,
590,6.26,6.23,6.88,7.79,7.52,
591,6.26,6.23,6.88,7.79,7.52,
592,6.26,6.23,6.88,7.79,7.52,
593,6.26,6.23,6.88,7.79,7.52,
594,6.26,6.23,6.88,7.79,7.52,
595,6.26,6.23,6.88,7.79,7.52,
596,6.26,6.23,6.88,7.79,7.52,
597,6.27,6.24,6.89,7.80,7.53,
598,6.27,6.24,6.89,7.80,7.53,
599,6.27,6.24,6.89,7.80,7.53,
600,6.27,6.24,6.89,7.80,7.53
