Distance,Tee,Fairway,Rough,Sand,Recovery,Putt
0,0,0,0,0,0,0
1,2.516,2.411,2.635,2.556,3.824,1.041
2,2.516,2.411,2.635,2.556,3.824,1.049
3,2.516,2.411,2.635,2.556,3.824,1.066
4,2.516,2.411,2.635,2.556,3.824,1.176
5,2.516,2.411,2.635,2.556,3.824,1.288
6,2.518,2.412,2.636,2.557,3.824,1.408
7,2.519,2.414,2.638,2.557,3.824,1.493
8,2.521,2.415,2.639,2.558,3.824,1.579
9,2.522,2.417,2.641,2.558,3.824,1.637
10,2.523,2.418,2.642,2.559,3.824,1.683
11,2.523,2.418,2.643,2.558,3.826,1.714
12,2.523,2.417,2.644,2.558,3.827,1.745
13,2.522,2.417,2.645,2.557,3.829,1.777
14,2.522,2.416,2.646,2.557,3.83,1.807
15,2.521,2.416,2.647,2.556,3.832,1.839
16,2.522,2.417,2.648,2.557,3.831,1.856
17,2.523,2.418,2.648,2.558,3.829,1.872
18,2.524,2.418,2.649,2.56,3.828,1.888
19,2.525,2.419,2.649,2.561,3.826,1.906
20,2.525,2.42,2.65,2.562,3.825,1.923
21,2.535,2.43,2.661,2.576,3.826,1.932
22,2.545,2.44,2.672,2.59,3.826,1.944
23,2.555,2.45,2.682,2.605,3.827,1.955
24,2.565,2.46,2.693,2.619,3.827,1.968
25,2.575,2.47,2.704,2.633,3.828,1.979
26,2.587,2.482,2.713,2.648,3.829,1.99
27,2.599,2.493,2.722,2.663,3.829,2.002
28,2.61,2.505,2.732,2.678,3.83,2.015
29,2.622,2.516,2.741,2.693,3.83,2.026
30,2.633,2.528,2.75,2.708,3.831,2.038
31,2.642,2.537,2.76,2.722,3.83,2.048
32,2.651,2.545,2.77,2.736,3.83,2.058
33,2.659,2.554,2.779,2.75,3.829,2.067
34,2.668,2.562,2.789,2.764,3.829,2.077
35,2.676,2.571,2.799,2.778,3.828,2.086
36,2.685,2.58,2.809,2.793,3.829,2.096
37,2.694,2.589,2.819,2.809,3.83,2.105
38,2.703,2.598,2.828,2.824,3.83,2.115
39,2.712,2.607,2.838,2.84,3.831,2.124
40,2.721,2.616,2.848,2.855,3.832,2.133
41,2.728,2.623,2.854,2.87,3.831,2.143
42,2.735,2.63,2.86,2.884,3.831,2.153
43,2.742,2.636,2.867,2.899,3.83,2.162
44,2.749,2.643,2.873,2.913,3.83,2.171
45,2.755,2.65,2.879,2.928,3.829,2.18
46,2.76,2.655,2.886,2.946,3.829,2.19
47,2.765,2.66,2.893,2.963,3.83,2.199
48,2.77,2.665,2.901,2.981,3.83,2.209
49,2.775,2.67,2.908,2.998,3.831,2.218
50,2.78,2.675,2.915,3.016,3.831,2.226
51,2.796,2.69,2.932,3.046,3.842,2.235
52,2.811,2.705,2.95,3.075,3.853,2.243
53,2.826,2.721,2.967,3.105,3.864,2.251
54,2.841,2.736,2.985,3.134,3.875,2.259
55,2.856,2.751,3.002,3.164,3.885,2.267
56,2.872,2.766,3.019,3.194,3.896,2.275
57,2.887,2.781,3.037,3.223,3.907,2.283
58,2.902,2.797,3.054,3.253,3.918,2.292
59,2.917,2.812,3.072,3.282,3.929,2.3
60,2.932,2.827,3.089,3.312,3.94,2.308
61,2.936,2.83,3.093,3.32,3.941,2.315
62,2.939,2.833,3.096,3.329,3.941,2.322
63,2.942,2.837,3.1,3.337,3.942,2.329
64,2.945,2.84,3.103,3.346,3.943,2.336
65,2.948,2.843,3.107,3.354,3.944,2.343
66,2.952,2.846,3.111,3.362,3.944,2.35
67,2.955,2.849,3.114,3.371,3.945,2.357
68,2.958,2.853,3.118,3.379,3.946,2.365
69,2.961,2.856,3.121,3.388,3.946,2.372
70,2.964,2.859,3.125,3.396,3.947,2.379
71,2.967,2.862,3.129,3.404,3.947,2.386
72,2.97,2.864,3.133,3.413,3.948,2.393
73,2.972,2.867,3.137,3.421,3.948,2.4
74,2.975,2.87,3.141,3.43,3.949,2.407
75,2.978,2.873,3.144,3.438,3.949,2.414
76,2.981,2.875,3.148,3.446,3.949,2.421
77,2.983,2.878,3.152,3.455,3.95,2.428
78,2.986,2.881,3.156,3.463,3.95,2.435
79,2.989,2.883,3.16,3.472,3.951,2.442
80,2.991,2.886,3.164,3.48,3.951,2.449
81,2.994,2.889,3.168,3.484,3.951,2.455
82,2.997,2.891,3.173,3.489,3.952,2.462
83,2.999,2.894,3.177,3.493,3.952,2.468
84,3.002,2.897,3.181,3.497,3.952,2.475
85,3.005,2.899,3.186,3.502,3.953,2.481
86,3.008,2.902,3.19,3.506,3.953,2.488
87,3.01,2.905,3.194,3.51,3.953,2.495
88,3.013,2.908,3.198,3.514,3.953,2.502
89,3.016,2.91,3.203,3.519,3.954,2.509
90,3.018,2.913,3.207,3.523,3.954,2.516
91,3.022,2.917,3.212,3.527,3.954,
92,3.026,2.92,3.217,3.53,3.954,
93,3.029,2.924,3.222,3.534,3.954,
94,3.033,2.927,3.227,3.538,3.954,
95,3.036,2.931,3.231,3.542,3.954,
96,3.04,2.935,3.236,3.545,3.953,
97,3.044,2.938,3.241,3.549,3.953,
98,3.047,2.942,3.246,3.553,3.953,
99,3.051,2.945,3.251,3.556,3.953,
100,3.06,2.949,3.256,3.56,3.953,
101,3.063,2.953,3.261,3.562,3.952,
102,3.067,2.957,3.267,3.564,3.951,
103,3.071,2.961,3.272,3.566,3.95,
104,3.074,2.965,3.278,3.568,3.949,
105,3.078,2.969,3.284,3.571,3.948,
106,3.081,2.973,3.289,3.573,3.947,
107,3.085,2.977,3.294,3.575,3.946,
108,3.088,2.981,3.3,3.577,3.945,
109,3.092,2.985,3.305,3.579,3.944,
110,3.095,2.989,3.311,3.581,3.943,
111,3.099,2.992,3.318,3.581,3.942,
112,3.104,2.994,3.324,3.581,3.941,
113,3.108,2.997,3.331,3.581,3.941,
114,3.112,3,3.338,3.581,3.94,
115,3.117,3.002,3.345,3.58,3.939,
116,3.121,3.005,3.351,3.58,3.938,
117,3.125,3.008,3.358,3.58,3.937,
118,3.129,3.011,3.365,3.58,3.937,
119,3.134,3.013,3.371,3.58,3.936,
120,3.138,3.016,3.378,3.58,3.935,
121,3.137,3.022,3.385,3.579,3.936,
122,3.137,3.027,3.393,3.578,3.937,
123,3.136,3.033,3.4,3.577,3.938,
124,3.135,3.039,3.407,3.576,3.939,
125,3.135,3.045,3.415,3.575,3.939,
126,3.134,3.05,3.422,3.573,3.94,
127,3.133,3.056,3.429,3.572,3.941,
128,3.132,3.062,3.436,3.571,3.942,
129,3.132,3.067,3.444,3.57,3.943,
130,3.131,3.073,3.451,3.569,3.944,
131,3.13,3.078,3.459,3.567,3.945,
132,3.13,3.083,3.468,3.565,3.946,
133,3.129,3.088,3.476,3.563,3.947,
134,3.129,3.093,3.485,3.561,3.948,
135,3.128,3.098,3.493,3.558,3.949,
136,3.128,3.103,3.501,3.556,3.95,
137,3.127,3.108,3.51,3.554,3.951,
138,3.127,3.113,3.518,3.552,3.952,
139,3.127,3.118,3.527,3.55,3.953,
140,3.126,3.123,3.535,3.548,3.954,
141,3.127,3.13,3.544,3.549,3.955,
142,3.129,3.136,3.552,3.55,3.956,
143,3.13,3.143,3.561,3.551,3.957,
144,3.131,3.149,3.569,3.552,3.958,
145,3.132,3.155,3.578,3.553,3.959,
146,3.134,3.162,3.586,3.554,3.96,
147,3.135,3.169,3.595,3.555,3.961,
148,3.136,3.175,3.603,3.556,3.962,
149,3.138,3.182,3.611,3.557,3.963,
150,3.139,3.188,3.62,3.558,3.964,
151,3.141,3.196,3.63,3.559,3.965,
152,3.143,3.203,3.64,3.56,3.967,
153,3.144,3.211,3.65,3.56,3.968,
154,3.146,3.218,3.66,3.561,3.969,
155,3.148,3.226,3.67,3.562,3.97,
156,3.15,3.234,3.679,3.563,3.972,
157,3.152,3.241,3.689,3.564,3.973,
158,3.153,3.249,3.699,3.564,3.974,
159,3.155,3.256,3.709,3.565,3.976,
160,3.157,3.264,3.719,3.566,3.977,
161,3.16,3.275,3.727,3.569,3.978,
162,3.164,3.286,3.736,3.571,3.979,
163,3.167,3.297,3.744,3.574,3.98,
164,3.17,3.308,3.753,3.576,3.981,
165,3.173,3.319,3.761,3.579,3.982,
166,3.177,3.33,3.769,3.582,3.982,
167,3.18,3.341,3.778,3.584,3.983,
168,3.183,3.352,3.786,3.587,3.984,
169,3.187,3.363,3.795,3.589,3.985,
170,3.19,3.374,3.803,3.592,3.986,
171,3.191,3.385,3.811,3.598,3.988,
172,3.193,3.396,3.818,3.603,3.99,
173,3.194,3.407,3.826,3.608,3.992,
174,3.195,3.418,3.833,3.614,3.994,
175,3.196,3.429,3.841,3.619,3.997,
176,3.198,3.439,3.849,3.625,3.999,
177,3.199,3.45,3.856,3.631,4.001,
178,3.2,3.461,3.864,3.636,4.003,
179,3.202,3.472,3.871,3.641,4.005,
180,3.203,3.483,3.879,3.647,4.007,
181,3.208,3.494,3.886,3.653,4.011,
182,3.212,3.505,3.894,3.659,4.015,
183,3.217,3.517,3.901,3.665,4.019,
184,3.222,3.528,3.909,3.671,4.023,
185,3.226,3.539,3.917,3.677,4.027,
186,3.231,3.55,3.924,3.683,4.032,
187,3.236,3.561,3.932,3.689,4.036,
188,3.241,3.573,3.939,3.695,4.04,
189,3.245,3.584,3.947,3.701,4.044,
190,3.25,3.595,3.954,3.707,4.048,
191,3.258,3.606,3.959,3.715,4.053,
192,3.266,3.617,3.964,3.724,4.058,
193,3.274,3.628,3.97,3.732,4.062,
194,3.282,3.639,3.975,3.74,4.067,
195,3.29,3.651,3.98,3.748,4.072,
196,3.298,3.662,3.985,3.757,4.077,
197,3.306,3.673,3.99,3.765,4.082,
198,3.314,3.684,3.996,3.773,4.086,
199,3.322,3.695,4.001,3.782,4.091,
200,3.33,3.706,4.006,3.79,4.096,
201,3.336,3.717,4.01,3.798,4.102,
202,3.342,3.729,4.014,3.807,4.107,
203,3.348,3.74,4.018,3.815,4.113,
204,3.354,3.752,4.022,3.824,4.119,
205,3.361,3.764,4.026,3.832,4.124,
206,3.367,3.775,4.029,3.84,4.13,
207,3.373,3.787,4.033,3.849,4.136,
208,3.379,3.798,4.037,3.857,4.142,
209,3.385,3.81,4.041,3.866,4.147,
210,3.391,3.821,4.045,3.874,4.153,
211,3.398,3.829,4.047,3.882,4.159,
212,3.405,3.837,4.049,3.889,4.166,
213,3.412,3.845,4.052,3.897,4.172,
214,3.419,3.853,4.054,3.904,4.178,
215,3.425,3.861,4.056,3.912,4.184,
216,3.432,3.868,4.058,3.92,4.191,
217,3.439,3.876,4.06,3.927,4.197,
218,3.446,3.884,4.063,3.935,4.203,
219,3.453,3.892,4.065,3.942,4.21,
220,3.46,3.9,4.067,3.95,4.216,
221,3.47,3.907,4.069,3.959,4.223,
222,3.48,3.914,4.071,3.968,4.23,
223,3.489,3.921,4.072,3.978,4.237,
224,3.499,3.928,4.074,3.987,4.244,
225,3.509,3.934,4.076,3.996,4.252,
226,3.519,3.941,4.078,4.005,4.259,
227,3.529,3.948,4.08,4.014,4.266,
228,3.538,3.955,4.081,4.024,4.273,
229,3.548,3.962,4.083,4.033,4.28,
230,3.558,3.969,4.085,4.042,4.287,
231,3.575,3.972,4.086,4.052,4.295,
232,3.592,3.975,4.086,4.062,4.304,
233,3.61,3.978,4.087,4.072,4.312,
234,3.627,3.981,4.087,4.082,4.321,
235,3.644,3.984,4.088,4.091,4.329,
236,3.661,3.986,4.089,4.101,4.337,
237,3.678,3.989,4.089,4.111,4.346,
238,3.696,3.992,4.09,4.121,4.354,
239,3.713,3.995,4.09,4.131,4.363,
240,3.73,3.998,4.091,4.141,4.371,
241,3.74,4,4.093,4.149,4.38,
242,3.75,4.001,4.095,4.158,4.388,
243,3.76,4.003,4.096,4.166,4.397,
244,3.77,4.005,4.098,4.174,4.405,
245,3.78,4.006,4.1,4.183,4.414,
246,3.79,4.008,4.102,4.191,4.422,
247,3.8,4.01,4.104,4.199,4.431,
248,3.81,4.012,4.105,4.207,4.439,
249,3.82,4.013,4.107,4.216,4.448,
250,3.83,4.015,4.109,4.224,4.456,
251,3.839,4.017,4.111,4.233,4.465,
252,3.849,4.019,4.114,4.242,4.473,
253,3.858,4.02,4.116,4.251,4.482,
254,3.868,4.022,4.119,4.26,4.49,
255,3.877,4.024,4.121,4.268,4.498,
256,3.886,4.026,4.123,4.277,4.507,
257,3.896,4.028,4.126,4.286,4.516,
258,3.905,4.029,4.128,4.295,4.524,
259,3.915,4.031,4.131,4.304,4.533,
260,3.924,4.033,4.133,4.313,4.541,
261,3.923,4.033,4.136,4.321,4.549,
262,3.923,4.034,4.139,4.33,4.557,
263,3.922,4.034,4.141,4.338,4.566,
264,3.921,4.035,4.144,4.347,4.574,
265,3.92,4.035,4.147,4.355,4.582,
266,3.92,4.035,4.15,4.364,4.59,
267,3.919,4.036,4.153,4.372,4.598,
268,3.918,4.036,4.155,4.381,4.607,
269,3.918,4.037,4.158,4.389,4.615,
270,3.917,4.037,4.161,4.398,4.623,
271,3.919,4.036,4.165,4.406,4.629,
272,3.921,4.035,4.168,4.414,4.636,
273,3.923,4.034,4.172,4.423,4.642,
274,3.925,4.033,4.175,4.431,4.649,
275,3.928,4.032,4.179,4.439,4.655,
276,3.93,4.031,4.183,4.447,4.661,
277,3.932,4.03,4.186,4.455,4.668,
278,3.934,4.029,4.19,4.464,4.674,
279,3.936,4.028,4.193,4.472,4.681,
280,3.938,4.027,4.197,4.48,4.687,
281,3.938,4.026,4.202,4.487,4.693,
282,3.938,4.025,4.206,4.494,4.698,
283,3.938,4.024,4.21,4.501,4.704,
284,3.938,4.023,4.215,4.508,4.71,
285,3.938,4.022,4.22,4.514,4.716,
286,3.938,4.022,4.224,4.521,4.721,
287,3.938,4.021,4.229,4.528,4.727,
288,3.938,4.02,4.233,4.535,4.733,
289,3.938,4.019,4.237,4.542,4.738,
290,3.938,4.018,4.242,4.549,4.744,
291,3.938,4.017,4.248,4.556,4.747,
292,3.938,4.016,4.254,4.563,4.75,
293,3.938,4.015,4.261,4.57,4.752,
294,3.938,4.014,4.267,4.577,4.755,
295,3.938,4.014,4.273,4.584,4.758,
296,3.937,4.013,4.279,4.591,4.761,
297,3.937,4.012,4.285,4.598,4.764,
298,3.937,4.011,4.292,4.605,4.766,
299,3.937,4.01,4.298,4.612,4.769,
300,3.937,4.009,4.304,4.619,4.772,
301,3.935,4.009,4.308,4.627,4.774,
302,3.933,4.01,4.313,4.636,4.775,
303,3.931,4.01,4.317,4.644,4.777,
304,3.929,4.011,4.321,4.653,4.778,
305,3.927,4.011,4.325,4.662,4.78,
306,3.925,4.011,4.33,4.67,4.781,
307,3.923,4.012,4.334,4.678,4.782,
308,3.921,4.012,4.338,4.687,4.784,
309,3.919,4.013,4.343,4.696,4.785,
310,3.917,4.013,4.347,4.704,4.787,
311,3.916,4.019,4.355,4.713,4.788,
312,3.916,4.024,4.362,4.721,4.789,
313,3.915,4.03,4.37,4.73,4.789,
314,3.915,4.035,4.377,4.739,4.79,
315,3.914,4.041,4.385,4.748,4.791,
316,3.914,4.047,4.392,4.756,4.792,
317,3.913,4.052,4.399,4.765,4.793,
318,3.913,4.058,4.407,4.774,4.793,
319,3.913,4.063,4.414,4.782,4.794,
320,3.912,4.069,4.422,4.791,4.795,
321,3.913,4.074,4.431,4.799,4.796,
322,3.915,4.079,4.44,4.806,4.798,
323,3.917,4.084,4.448,4.814,4.8,
324,3.918,4.089,4.457,4.821,4.801,
325,3.92,4.095,4.466,4.829,4.803,
326,3.921,4.1,4.475,4.836,4.804,
327,3.922,4.105,4.484,4.844,4.805,
328,3.924,4.11,4.492,4.851,4.807,
329,3.925,4.115,4.501,4.859,4.808,
330,3.927,4.12,4.51,4.866,4.81,
331,3.927,4.126,4.519,4.874,4.811,
332,3.927,4.133,4.527,4.881,4.812,
333,3.926,4.139,4.536,4.889,4.813,
334,3.926,4.146,4.544,4.897,4.814,
335,3.926,4.152,4.553,4.904,4.815,
336,3.926,4.158,4.562,4.912,4.816,
337,3.926,4.165,4.57,4.919,4.817,
338,3.925,4.171,4.579,4.927,4.818,
339,3.925,4.178,4.587,4.934,4.819,
340,3.925,4.184,4.596,4.942,4.82,
341,3.927,4.193,4.606,,4.82,
342,3.928,4.202,4.617,,4.821,
343,3.93,4.212,4.627,,4.821,
344,3.931,4.221,4.638,,4.821,
345,3.933,4.23,4.648,,4.822,
346,3.935,4.239,4.658,,4.822,
347,3.936,4.248,4.669,,4.822,
348,3.938,4.258,4.679,,4.822,
349,3.939,4.267,4.69,,4.823,
350,3.941,4.276,4.7,,4.823,
351,3.947,4.285,4.712,,4.824,
352,3.953,4.294,4.724,,4.826,
353,3.958,4.303,4.735,,4.827,
354,3.964,4.312,4.747,,4.829,
355,3.97,4.321,4.759,,4.83,
356,3.976,4.329,4.771,,4.831,
357,3.982,4.338,4.783,,4.833,
358,3.987,4.347,4.794,,4.834,
359,3.993,4.356,4.806,,4.836,
360,3.999,4.365,4.818,,4.837,
361,4.006,4.376,4.829,,4.839,
362,4.014,4.387,4.84,,4.841,
363,4.021,4.398,4.85,,4.842,
364,4.029,4.409,4.861,,4.844,
365,4.036,4.42,4.872,,4.846,
366,4.043,4.43,4.883,,4.848,
367,4.051,4.441,4.894,,4.85,
368,4.058,4.452,4.904,,4.851,
369,4.066,4.463,4.915,,4.853,
370,4.073,4.474,4.926,,4.855,
371,4.082,4.485,4.935,,4.86,
372,4.091,4.496,4.943,,4.865,
373,4.1,4.508,4.952,,4.87,
374,4.109,4.519,4.96,,4.875,
375,4.118,4.53,4.969,,4.88,
376,4.127,4.541,4.978,,4.885,
377,4.136,4.552,4.986,,4.89,
378,4.145,4.564,4.995,,4.895,
379,4.154,4.575,5.003,,4.9,
380,4.163,4.586,5.012,,4.905,
381,4.172,4.598,5.02,,4.912,
382,4.181,4.611,5.027,,4.919,
383,4.19,4.623,5.035,,4.927,
384,4.199,4.635,5.043,,4.934,
385,4.208,4.647,5.05,,4.941,
386,4.217,4.66,5.058,,4.948,
387,4.226,4.672,5.066,,4.955,
388,4.235,4.684,5.074,,4.963,
389,4.244,4.697,5.081,,4.97,
390,4.253,4.709,5.089,,4.977,
391,4.262,4.72,5.097,,4.986,
392,4.271,4.732,5.104,,4.994,
393,4.28,4.744,5.112,,5.003,
394,4.289,4.755,5.12,,5.011,
395,4.299,4.766,5.128,,5.02,
396,4.308,4.778,5.135,,5.029,
397,4.317,4.789,5.143,,5.037,
398,4.326,4.801,5.151,,5.046,
399,4.335,4.812,5.158,,5.054,
400,4.344,4.824,5.166,,5.063,
401,4.352,4.831,5.169,,5.07,
402,4.36,4.837,5.172,,5.077,
403,4.369,4.844,5.176,,5.084,
404,4.377,4.851,5.179,,5.091,
405,4.385,4.857,5.182,,5.098,
406,4.393,4.864,5.185,,5.105,
407,4.401,4.871,5.188,,5.112,
408,4.41,4.878,5.192,,5.119,
409,4.418,4.884,5.195,,5.126,
410,4.426,4.891,5.198,,5.133,
411,4.434,4.897,5.201,,5.141,
412,4.442,4.904,5.203,,5.148,
413,4.45,4.91,5.206,,5.156,
414,4.458,4.917,5.209,,5.164,
415,4.466,4.924,5.212,,5.171,
416,4.474,4.93,5.214,,5.179,
417,4.482,4.937,5.217,,5.187,
418,4.49,4.943,5.22,,5.195,
419,4.498,4.95,5.222,,5.202,
420,4.506,4.956,5.225,,5.21,
421,4.514,4.961,5.227,,5.213,
422,4.523,4.967,5.23,,5.215,
423,4.531,4.972,5.232,,5.218,
424,4.54,4.977,5.234,,5.221,
425,4.548,4.982,5.236,,5.224,
426,4.556,4.988,5.239,,5.226,
427,4.565,4.993,5.241,,5.229,
428,4.573,4.998,5.243,,5.232,
429,4.582,5.004,5.246,,5.235,
430,4.59,5.009,5.248,,5.237,
431,4.599,5.014,5.251,,5.24,
432,4.607,5.018,5.254,,5.243,
433,4.616,5.022,5.257,,5.246,
434,4.625,5.027,5.26,,5.248,
435,4.633,5.032,5.263,,5.251,
436,4.642,5.036,5.265,,5.254,
437,4.651,5.041,5.268,,5.257,
438,4.66,5.045,5.271,,5.259,
439,4.668,5.05,5.274,,5.262,
440,4.677,5.054,5.277,,5.265,
441,4.686,5.06,5.279,,,
442,4.694,5.065,5.281,,,
443,4.703,5.071,5.283,,,
444,4.712,5.077,5.285,,,
445,4.72,5.082,5.287,,,
446,4.729,5.088,5.288,,,
447,4.738,5.094,5.29,,,
448,4.747,5.1,5.292,,,
449,4.755,5.105,5.294,,,
450,4.764,5.111,5.296,,,
451,4.773,5.115,5.299,,,
452,4.782,5.12,5.302,,,
453,4.791,5.124,5.305,,,
454,4.8,5.129,5.308,,,
455,4.809,5.133,5.311,,,
456,4.818,5.138,5.314,,,
457,4.827,5.143,5.317,,,
458,4.836,5.147,5.32,,,
459,4.845,5.151,5.323,,,
460,4.854,5.156,5.326,,,
461,4.863,5.16,5.328,,,
462,4.873,5.164,5.33,,,
463,4.882,5.169,5.332,,,
464,4.891,5.173,5.334,,,
465,4.901,5.177,5.335,,,
466,4.91,5.181,5.337,,,
467,4.919,5.185,5.339,,,
468,4.928,5.19,5.341,,,
469,4.938,5.194,5.343,,,
470,4.947,5.198,5.345,,,
471,4.955,5.201,5.35,,,
472,4.962,5.204,5.354,,,
473,4.97,5.207,5.359,,,
474,4.978,5.21,5.363,,,
475,4.986,5.213,5.368,,,
476,4.993,5.215,5.373,,,
477,5.001,5.218,5.377,,,
478,5.009,5.221,5.382,,,
479,5.016,5.224,5.386,,,
480,5.024,5.227,5.391,,,
481,5.031,5.23,5.394,,,
482,5.039,5.233,5.397,,,
483,5.046,5.236,5.401,,,
484,5.053,5.239,5.404,,,
485,5.061,5.242,5.407,,,
486,5.068,5.246,5.41,,,
487,5.075,5.249,5.413,,,
488,5.082,5.252,5.417,,,
489,5.09,5.255,5.42,,,
490,5.097,5.258,5.423,,,
491,5.103,5.261,5.429,,,
492,5.108,5.264,5.435,,,
493,5.114,5.267,5.441,,,
494,5.119,5.27,5.447,,,
495,5.125,5.272,5.453,,,
496,5.131,5.275,5.458,,,
497,5.136,5.278,5.464,,,
498,5.142,5.281,5.47,,,
499,5.147,5.284,5.476,,,
500,5.153,5.287,5.482,,,
501,5.159,5.29,5.488,,,
502,5.164,5.292,5.493,,,
503,5.17,5.295,5.499,,,
504,5.175,5.297,5.505,,,
505,5.181,5.3,5.511,,,
506,5.187,5.303,5.516,,,
507,5.192,5.305,5.522,,,
508,5.198,5.308,5.528,,,
509,5.203,5.31,5.533,,,
510,5.209,5.313,5.539,,,
511,5.213,5.316,5.545,,,
512,5.216,5.319,5.551,,,
513,5.22,5.322,5.557,,,
514,5.223,5.325,5.563,,,
515,5.227,5.329,5.569,,,
516,5.231,5.332,5.574,,,
517,5.234,5.335,5.58,,,
518,5.238,5.338,5.586,,,
519,5.241,5.341,5.592,,,
520,5.245,5.344,5.598,,,
521,5.246,5.348,5.605,,,
522,5.247,5.351,5.613,,,
523,5.248,5.354,5.62,,,
524,5.249,5.358,5.627,,,
525,5.25,5.361,5.635,,,
526,5.251,5.365,5.642,,,
527,5.252,5.369,5.649,,,
528,5.253,5.372,5.656,,,
529,5.254,5.375,5.664,,,
530,5.255,5.379,5.671,,,
531,5.256,5.384,5.678,,,
532,5.257,5.39,5.685,,,
533,5.258,5.395,5.692,,,
534,5.259,5.4,5.699,,,
535,5.26,5.405,5.707,,,
536,5.261,5.411,5.714,,,
537,5.262,5.416,5.721,,,
538,5.263,5.421,5.728,,,
539,5.264,5.427,5.735,,,
540,5.265,5.432,5.742,,,
541,5.266,5.435,5.748,,,
542,5.266,5.439,5.754,,,
543,5.267,5.442,5.76,,,
544,5.268,5.446,5.766,,,
545,5.268,5.449,5.772,,,
546,5.269,5.452,5.778,,,
547,5.27,5.456,5.784,,,
548,5.271,5.459,5.79,,,
549,5.271,5.463,5.796,,,
550,5.272,5.466,5.802,,,
551,5.272,5.471,5.808,,,
552,5.273,5.477,5.814,,,
553,5.273,5.482,5.82,,,
554,5.273,5.488,5.826,,,
555,5.274,5.493,5.832,,,
556,5.274,5.498,5.838,,,
557,5.274,5.504,5.844,,,
558,5.274,5.509,5.85,,,
559,5.275,5.515,5.856,,,
560,5.275,5.52,5.862,,,
561,5.275,5.524,5.869,,,
562,5.275,5.528,5.875,,,
563,5.274,5.531,5.882,,,
564,5.274,5.535,5.889,,,
565,5.274,5.539,5.896,,,
566,5.274,5.543,5.902,,,
567,5.274,5.547,5.909,,,
568,5.273,5.55,5.916,,,
569,5.273,5.554,5.922,,,
570,5.273,5.558,5.929,,,
571,5.275,5.564,5.936,,,
572,5.277,5.569,5.943,,,
573,5.278,5.575,5.949,,,
574,5.28,5.58,5.956,,,
575,5.282,5.586,5.963,,,
576,5.284,5.592,5.97,,,
577,5.286,5.597,5.977,,,
578,5.287,5.603,5.983,,,
579,5.289,5.608,5.99,,,
580,5.291,5.614,5.997,,,
581,5.293,5.619,6.002,,,
582,5.295,5.623,6.007,,,
583,5.296,5.628,6.011,,,
584,5.298,5.633,6.016,,,
585,5.3,5.637,6.021,,,
586,5.302,5.642,6.026,,,
587,5.304,5.647,6.031,,,
588,5.305,5.652,6.035,,,
589,5.307,5.656,6.04,,,
590,5.309,5.661,6.045,,,
591,5.312,5.667,6.051,,,
592,5.316,5.673,6.056,,,
593,5.32,5.679,6.062,,,
594,5.323,5.685,6.067,,,
595,5.327,5.691,6.073,,,
596,5.33,5.698,6.079,,,
597,5.333,5.704,6.084,,,
598,5.337,5.71,6.09,,,
599,5.341,5.716,6.095,,,
600,5.344,5.722,6.101,,,
601,5.344,5.722,6.101,,,
602,5.344,5.722,6.101,,,
603,5.344,5.722,6.101,,,
604,5.344,5.722,6.101,,,
605,5.344,5.722,6.101,,,
606,5.344,5.722,6.101,,,
607,5.344,5.722,6.101,,,
608,5.344,5.722,6.101,,,
609,5.344,5.722,6.101,,,
610,5.344,5.722,6.101,,,
611,5.345,5.725,6.107,,,
612,5.346,5.728,6.112,,,
613,5.347,5.731,6.118,,,
614,5.348,5.734,6.124,,,
615,5.349,5.736,6.129,,,
616,5.35,5.739,6.135,,,
617,5.351,5.742,6.141,,,
618,5.352,5.745,6.146,,,
619,5.352,5.748,6.152,,,
620,5.353,5.751,6.158,,,
