Distance,Tee,Fairway,Rough,Sand,Recovery,Putt
0,0.00,0.00,0.00,0.00,0.00,0.00
1,,1.10,1.34,2.32,1.86,1.01
2,,1.35,1.45,2.33,2.01,1.03
3,,1.59,1.56,2.34,2.16,1.04
4,,1.73,1.67,2.35,2.31,1.13
5,,1.85,1.79,2.36,2.47,1.22
6,,1.92,1.89,2.37,2.61,1.31
7,,1.99,1.99,2.39,2.75,1.40
8,,2.05,2.09,2.40,2.88,1.48
9,,2.10,2.17,2.41,2.99,1.57
10,,2.13,2.23,2.42,3.07,1.61
11,,2.16,2.26,2.43,3.11,1.64
12,,2.18,2.30,2.45,3.15,1.68
13,,2.21,2.33,2.46,3.20,1.71
14,,2.23,2.36,2.47,3.24,1.74
15,,2.26,2.40,2.48,3.28,1.78
16,,2.29,2.43,2.49,3.32,1.80
17,,2.32,2.46,2.50,3.36,1.81
18,,2.34,2.50,2.51,3.41,1.83
19,,2.37,2.53,2.52,3.45,1.85
20,,2.40,2.56,2.53,3.49,1.87
21,,2.41,2.57,2.54,3.50,1.88
22,,2.42,2.58,2.56,3.51,1.89
23,,2.43,2.59,2.57,3.52,1.90
24,,2.44,2.61,2.59,3.54,1.91
25,,2.45,2.62,2.60,3.55,1.92
26,,2.46,2.63,2.62,3.56,1.93
27,,2.47,2.64,2.63,3.57,1.94
28,,2.48,2.65,2.65,3.59,1.96
29,,2.49,2.67,2.66,3.60,1.97
30,,2.50,2.68,2.68,3.61,1.98
31,,2.51,2.69,2.69,3.62,1.98
32,,2.52,2.70,2.70,3.63,1.99
33,,2.53,2.71,2.72,3.64,2.00
34,,2.54,2.72,2.73,3.65,2.01
35,,2.55,2.73,2.75,3.66,2.01
36,,2.56,2.74,2.76,3.67,2.02
37,,2.57,2.75,2.78,3.68,2.03
38,,2.58,2.76,2.79,3.69,2.04
39,,2.59,2.77,2.81,3.70,2.04
40,,2.60,2.78,2.82,3.71,2.05
41,,2.61,2.78,2.84,3.72,2.06
42,,2.61,2.79,2.85,3.72,2.06
43,,2.62,2.79,2.87,3.73,2.07
44,,2.62,2.79,2.89,3.74,2.08
45,,2.63,2.80,2.90,3.74,2.09
46,,2.63,2.80,2.92,3.74,2.09
47,,2.64,2.81,2.94,3.75,2.10
48,,2.64,2.81,2.95,3.75,2.11
49,,2.65,2.81,2.97,3.76,2.12
50,,2.65,2.82,2.99,3.76,2.12
51,2.66,2.66,2.83,3.00,3.77,2.13
52,2.66,2.66,2.83,3.02,3.77,2.14
53,2.67,2.67,2.84,3.03,3.78,2.14
54,2.67,2.67,2.85,3.05,3.78,2.15
55,2.68,2.68,2.86,3.07,3.79,2.16
56,2.68,2.68,2.87,3.08,3.79,2.17
57,2.69,2.69,2.88,3.10,3.80,2.17
58,2.69,2.69,2.89,3.12,3.80,2.18
59,2.70,2.70,2.90,3.13,3.81,2.19
60,2.70,2.70,2.91,3.15,3.81,2.19
61,2.70,2.70,2.91,3.15,3.81,2.20
62,2.71,2.71,2.92,3.16,3.81,2.21
63,2.71,2.71,2.92,3.16,3.81,2.22
64,2.71,2.71,2.92,3.17,3.81,2.22
65,2.71,2.71,2.92,3.17,3.81,2.23
66,2.72,2.72,2.93,3.18,3.81,2.24
67,2.72,2.72,2.93,3.18,3.81,2.25
68,2.72,2.72,2.93,3.19,3.81,2.25
69,2.72,2.72,2.93,3.19,3.81,2.26
70,2.73,2.73,2.94,3.20,3.81,2.27
71,2.73,2.73,2.94,3.20,3.81,2.27
72,2.73,2.73,2.94,3.20,3.81,2.28
73,2.73,2.73,2.94,3.21,3.81,2.29
74,2.74,2.74,2.95,3.21,3.81,2.30
75,2.74,2.74,2.95,3.22,3.80,2.30
76,2.74,2.74,2.95,3.22,3.80,2.31
77,2.74,2.74,2.95,3.23,3.80,2.32
78,2.75,2.75,2.96,3.23,3.80,2.33
79,2.75,2.75,2.96,3.24,3.80,2.33
80,2.75,2.75,2.96,3.24,3.80,2.34
81,2.75,2.75,2.96,3.24,3.80,2.35
82,2.76,2.76,2.97,3.24,3.80,2.35
83,2.76,2.76,2.97,3.24,3.80,2.36
84,2.76,2.76,2.97,3.24,3.80,2.37
85,2.76,2.76,2.98,3.24,3.80,2.38
86,2.77,2.77,2.98,3.24,3.80,2.38
87,2.77,2.77,2.98,3.24,3.80,2.39
88,2.77,2.77,2.98,3.24,3.80,2.40
89,2.77,2.77,2.99,3.24,3.80,2.41
90,2.78,2.78,2.99,3.24,3.80,2.41
91,2.78,2.78,2.99,3.23,3.80,2.42
92,2.78,2.78,3.00,3.23,3.80,2.43
93,2.78,2.78,3.00,3.23,3.80,2.43
94,2.79,2.79,3.00,3.23,3.80,2.44
95,2.79,2.79,3.01,3.23,3.80,2.45
96,2.79,2.79,3.01,3.23,3.80,2.46
97,2.79,2.79,3.01,3.23,3.80,2.46
98,2.80,2.80,3.01,3.23,3.80,2.47
99,2.80,2.80,3.02,3.23,3.80,2.48
100,2.92,2.80,3.02,3.23,3.80,2.49
101,2.92,2.80,3.02,3.23,3.80,2.49
102,2.93,2.81,3.03,3.23,3.80,2.50
103,2.93,2.81,3.03,3.23,3.80,2.51
104,2.93,2.81,3.03,3.23,3.80,2.51
105,2.94,2.81,3.04,3.23,3.80,2.52
106,2.94,2.82,3.04,3.22,3.79,2.53
107,2.94,2.82,3.04,3.22,3.79,2.54
108,2.95,2.82,3.04,3.22,3.79,2.54
109,2.95,2.82,3.05,3.22,3.79,2.55
110,2.96,2.83,3.05,3.22,3.79,2.56
111,2.96,2.83,3.05,3.22,3.79,2.57
112,2.96,2.83,3.06,3.22,3.79,2.57
113,2.97,2.83,3.06,3.22,3.79,2.58
114,2.97,2.84,3.06,3.22,3.79,2.59
115,2.97,2.84,3.07,3.22,3.79,2.59
116,2.98,2.84,3.07,3.21,3.78,2.60
117,2.98,2.84,3.07,3.21,3.78,2.61
118,2.98,2.85,3.07,3.21,3.78,2.62
119,2.99,2.85,3.08,3.21,3.78,2.62
120,2.99,2.85,3.08,3.21,3.78,2.63
121,2.99,2.85,3.08,3.21,3.78,
122,2.99,2.86,3.09,3.21,3.78,
123,2.99,2.86,3.09,3.21,3.78,
124,2.99,2.86,3.09,3.21,3.78,
125,2.99,2.87,3.10,3.21,3.79,
126,2.98,2.87,3.10,3.21,3.79,
127,2.98,2.87,3.10,3.21,3.79,
128,2.98,2.87,3.11,3.21,3.79,
129,2.98,2.88,3.11,3.21,3.79,
130,2.98,2.88,3.12,3.22,3.79,
131,2.98,2.88,3.12,3.22,3.79,
132,2.98,2.89,3.12,3.22,3.79,
133,2.98,2.89,3.13,3.22,3.79,
134,2.98,2.89,3.13,3.22,3.79,
135,2.98,2.90,3.13,3.22,3.80,
136,2.97,2.90,3.14,3.22,3.80,
137,2.97,2.90,3.14,3.22,3.80,
138,2.97,2.90,3.14,3.22,3.80,
139,2.97,2.91,3.15,3.22,3.80,
140,2.97,2.91,3.15,3.22,3.80,
141,2.97,2.91,3.15,3.22,3.80,
142,2.97,2.92,3.16,3.23,3.80,
143,2.97,2.92,3.16,3.23,3.80,
144,2.97,2.92,3.17,3.23,3.80,
145,2.98,2.93,3.17,3.24,3.80,
146,2.98,2.93,3.17,3.24,3.80,
147,2.98,2.93,3.18,3.24,3.80,
148,2.98,2.94,3.18,3.24,3.80,
149,2.98,2.94,3.19,3.25,3.80,
150,2.98,2.95,3.19,3.25,3.81,
151,2.98,2.95,3.19,3.25,3.81,
152,2.98,2.95,3.20,3.26,3.81,
153,2.98,2.96,3.20,3.26,3.81,
154,2.98,2.96,3.21,3.26,3.81,
155,2.99,2.96,3.21,3.27,3.81,
156,2.99,2.97,3.21,3.27,3.81,
157,2.99,2.97,3.22,3.27,3.81,
158,2.99,2.97,3.22,3.27,3.81,
159,2.99,2.98,3.23,3.28,3.81,
160,2.99,2.98,3.23,3.28,3.81,
161,2.99,2.99,3.23,3.29,3.81,
162,3.00,2.99,3.24,3.29,3.81,
163,3.00,3.00,3.24,3.30,3.81,
164,3.00,3.00,3.25,3.30,3.81,
165,3.01,3.01,3.25,3.31,3.81,
166,3.01,3.01,3.25,3.32,3.81,
167,3.01,3.02,3.26,3.32,3.81,
168,3.01,3.02,3.26,3.33,3.81,
169,3.02,3.03,3.27,3.33,3.81,
170,3.02,3.03,3.27,3.34,3.82,
171,3.02,3.04,3.27,3.35,3.82,
172,3.03,3.04,3.28,3.35,3.82,
173,3.03,3.05,3.28,3.36,3.82,
174,3.03,3.05,3.29,3.36,3.82,
175,3.04,3.06,3.29,3.37,3.82,
176,3.04,3.06,3.29,3.38,3.82,
177,3.04,3.07,3.30,3.38,3.82,
178,3.04,3.07,3.30,3.39,3.82,
179,3.05,3.08,3.31,3.39,3.82,
180,3.05,3.08,3.31,3.40,3.82,
181,3.05,3.09,3.32,3.41,3.82,
182,3.06,3.09,3.32,3.42,3.83,
183,3.06,3.10,3.33,3.42,3.83,
184,3.06,3.10,3.33,3.43,3.83,
185,3.07,3.11,3.34,3.44,3.83,
186,3.07,3.11,3.34,3.45,3.84,
187,3.07,3.12,3.35,3.45,3.84,
188,3.08,3.12,3.35,3.46,3.84,
189,3.08,3.13,3.36,3.47,3.84,
190,3.09,3.14,3.37,3.48,3.85,
191,3.09,3.14,3.37,3.48,3.85,
192,3.09,3.15,3.38,3.49,3.85,
193,3.10,3.15,3.38,3.50,3.85,
194,3.10,3.16,3.39,3.51,3.86,
195,3.10,3.16,3.39,3.51,3.86,
196,3.11,3.17,3.40,3.52,3.86,
197,3.11,3.17,3.40,3.53,3.86,
198,3.11,3.18,3.41,3.54,3.87,
199,3.12,3.18,3.41,3.54,3.87,
200,3.12,3.19,3.42,3.55,3.87,
201,3.12,3.20,3.43,3.56,3.87,
202,3.13,3.20,3.43,3.57,3.88,
203,3.13,3.21,3.44,3.57,3.88,
204,3.13,3.22,3.44,3.58,3.88,
205,3.13,3.22,3.45,3.59,3.88,
206,3.14,3.23,3.45,3.60,3.89,
207,3.14,3.24,3.46,3.60,3.89,
208,3.14,3.24,3.46,3.61,3.89,
209,3.14,3.25,3.47,3.62,3.89,
210,3.15,3.26,3.48,3.63,3.90,
211,3.15,3.26,3.48,3.63,3.90,
212,3.15,3.27,3.49,3.64,3.90,
213,3.15,3.27,3.49,3.65,3.90,
214,3.16,3.28,3.50,3.66,3.91,
215,3.16,3.29,3.50,3.66,3.91,
216,3.16,3.29,3.51,3.67,3.91,
217,3.16,3.30,3.51,3.68,3.91,
218,3.17,3.31,3.52,3.69,3.92,
219,3.17,3.31,3.52,3.69,3.92,
220,3.17,3.32,3.53,3.70,3.92,
221,3.17,3.33,3.54,3.71,3.92,
222,3.18,3.33,3.54,3.71,3.93,
223,3.18,3.34,3.55,3.72,3.93,
224,3.19,3.35,3.55,3.73,3.93,
225,3.19,3.35,3.56,3.74,3.93,
226,3.19,3.36,3.56,3.74,3.94,
227,3.20,3.37,3.57,3.75,3.94,
228,3.20,3.37,3.57,3.76,3.94,
229,3.21,3.38,3.58,3.76,3.94,
230,3.21,3.39,3.59,3.77,3.95,
231,3.21,3.39,3.59,3.78,3.95,
232,3.22,3.40,3.60,3.78,3.95,
233,3.22,3.40,3.60,3.79,3.95,
234,3.23,3.41,3.61,3.80,3.96,
235,3.23,3.42,3.61,3.81,3.96,
236,3.23,3.42,3.62,3.81,3.96,
237,3.24,3.43,3.62,3.82,3.96,
238,3.24,3.44,3.63,3.83,3.97,
239,3.25,3.44,3.63,3.83,3.97,
240,3.25,3.45,3.64,3.84,3.97,
241,3.26,3.46,3.65,3.84,3.97,
242,3.27,3.46,3.65,3.85,3.98,
243,3.28,3.47,3.66,3.85,3.98,
244,3.29,3.48,3.66,3.86,3.98,
245,3.30,3.48,3.67,3.86,3.99,
246,3.31,3.49,3.67,3.87,3.99,
247,3.32,3.50,3.68,3.87,3.99,
248,3.33,3.50,3.68,3.88,3.99,
249,3.34,3.51,3.69,3.88,4.00,
250,3.35,3.52,3.69,3.89,4.00,
251,3.36,3.52,3.70,3.89,4.00,
252,3.37,3.53,3.70,3.89,4.01,
253,3.38,3.53,3.71,3.90,4.01,
254,3.39,3.54,3.71,3.90,4.01,
255,3.40,3.55,3.72,3.91,4.02,
256,3.41,3.55,3.72,3.91,4.02,
257,3.42,3.56,3.73,3.92,4.02,
258,3.43,3.57,3.73,3.92,4.02,
259,3.44,3.57,3.74,3.93,4.03,
260,3.45,3.58,3.74,3.93,4.03,
261,3.46,3.59,3.74,3.93,4.03,
262,3.47,3.59,3.75,3.94,4.04,
263,3.48,3.60,3.75,3.94,4.04,
264,3.49,3.60,3.76,3.94,4.04,
265,3.50,3.61,3.76,3.95,4.05,
266,3.51,3.61,3.77,3.95,4.05,
267,3.52,3.62,3.77,3.95,4.05,
268,3.53,3.62,3.78,3.96,4.06,
269,3.54,3.63,3.78,3.96,4.06,
270,3.55,3.64,3.79,3.97,4.07,
271,3.56,3.64,3.79,3.97,4.07,
272,3.57,3.65,3.79,3.97,4.07,
273,3.58,3.65,3.80,3.98,4.08,
274,3.59,3.66,3.80,3.98,4.08,
275,3.60,3.66,3.81,3.98,4.08,
276,3.61,3.67,3.81,3.99,4.09,
277,3.62,3.67,3.82,3.99,4.09,
278,3.63,3.68,3.82,3.99,4.09,
279,3.64,3.68,3.83,4.00,4.10,
280,3.65,3.69,3.83,4.00,4.10,
281,3.65,3.69,3.83,4.00,4.11,
282,3.66,3.70,3.84,4.00,4.11,
283,3.66,3.70,3.84,4.01,4.12,
284,3.66,3.71,3.84,4.01,4.12,
285,3.67,3.71,3.85,4.01,4.13,
286,3.67,3.72,3.85,4.01,4.13,
287,3.67,3.72,3.85,4.01,4.14,
288,3.67,3.73,3.86,4.02,4.14,
289,3.68,3.73,3.86,4.02,4.15,
290,3.68,3.74,3.87,4.02,4.15,
291,3.68,3.74,3.87,4.02,4.16,
292,3.69,3.74,3.87,4.02,4.16,
293,3.69,3.75,3.88,4.03,4.17,
294,3.69,3.75,3.88,4.03,4.17,
295,3.70,3.76,3.88,4.03,4.18,
296,3.70,3.76,3.89,4.03,4.18,
297,3.70,3.77,3.89,4.03,4.19,
298,3.70,3.77,3.89,4.04,4.19,
299,3.71,3.78,3.90,4.04,4.20,
300,3.71,3.78,3.90,4.04,4.20,
301,3.71,3.78,3.90,4.04,4.21,
302,3.72,3.79,3.91,4.05,4.21,
303,3.72,3.79,3.91,4.05,4.22,
304,3.73,3.79,3.91,4.06,4.22,
305,3.73,3.80,3.91,4.06,4.23,
306,3.73,3.80,3.92,4.06,4.23,
307,3.74,3.80,3.92,4.07,4.24,
308,3.74,3.80,3.92,4.07,4.24,
309,3.75,3.81,3.92,4.08,4.25,
310,3.75,3.81,3.93,4.08,4.26,
311,3.75,3.81,3.93,4.08,4.26,
312,3.76,3.82,3.93,4.09,4.27,
313,3.76,3.82,3.93,4.09,4.27,
314,3.77,3.82,3.94,4.10,4.28,
315,3.77,3.83,3.94,4.10,4.28,
316,3.77,3.83,3.94,4.10,4.29,
317,3.78,3.83,3.94,4.11,4.29,
318,3.78,3.83,3.95,4.11,4.30,
319,3.79,3.84,3.95,4.12,4.30,
320,3.79,3.84,3.95,4.12,4.31,
321,3.79,3.84,3.95,4.13,4.32,
322,3.80,3.84,3.96,4.13,4.32,
323,3.80,3.85,3.96,4.14,4.33,
324,3.80,3.85,3.96,4.15,4.34,
325,3.81,3.85,3.97,4.16,4.34,
326,3.81,3.85,3.97,4.16,4.35,
327,3.81,3.85,3.97,4.17,4.36,
328,3.82,3.86,3.98,4.18,4.36,
329,3.82,3.86,3.98,4.18,4.37,
330,3.83,3.86,3.99,4.19,4.38,
331,3.83,3.86,3.99,4.20,4.38,
332,3.83,3.86,3.99,4.20,4.39,
333,3.84,3.87,4.00,4.21,4.39,
334,3.84,3.87,4.00,4.22,4.40,
335,3.84,3.87,4.00,4.23,4.41,
336,3.85,3.87,4.01,4.23,4.41,
337,3.85,3.87,4.01,4.24,4.42,
338,3.85,3.88,4.01,4.25,4.43,
339,3.86,3.88,4.02,4.25,4.43,
340,3.86,3.88,4.02,4.26,4.44,
341,3.86,3.88,4.02,4.27,4.45,
342,3.87,3.89,4.03,4.28,4.45,
343,3.87,3.89,4.03,4.28,4.46,
344,3.87,3.89,4.04,4.29,4.46,
345,3.88,3.90,4.04,4.30,4.47,
346,3.88,3.90,4.05,4.31,4.48,
347,3.88,3.90,4.05,4.31,4.48,
348,3.88,3.91,4.06,4.32,4.49,
349,3.89,3.91,4.06,4.33,4.49,
350,3.89,3.92,4.07,4.34,4.50,
351,3.89,3.92,4.07,4.34,4.51,
352,3.90,3.92,4.07,4.35,4.51,
353,3.90,3.93,4.08,4.36,4.52,
354,3.90,3.93,4.08,4.37,4.52,
355,3.91,3.93,4.09,4.37,4.53,
356,3.91,3.94,4.09,4.38,4.54,
357,3.91,3.94,4.10,4.39,4.54,
358,3.91,3.94,4.10,4.40,4.55,
359,3.92,3.95,4.11,4.40,4.55,
360,3.92,3.95,4.11,4.41,4.56,
361,3.92,3.95,4.12,4.42,4.57,
362,3.92,3.96,4.12,4.42,4.57,
363,3.93,3.96,4.13,4.43,4.58,
364,3.93,3.97,4.13,4.44,4.58,
365,3.93,3.97,4.14,4.45,4.59,
366,3.93,3.97,4.14,4.45,4.59,
367,3.93,3.98,4.15,4.46,4.60,
368,3.94,3.98,4.15,4.47,4.60,
369,3.94,3.99,4.16,4.47,4.61,
370,3.94,3.99,4.16,4.48,4.61,
371,3.94,3.99,4.17,4.49,4.62,
372,3.94,4.00,4.17,4.49,4.62,
373,3.95,4.00,4.18,4.50,4.63,
374,3.95,4.01,4.18,4.51,4.63,
375,3.95,4.01,4.19,4.52,4.64,
376,3.95,4.01,4.19,4.52,4.64,
377,3.95,4.02,4.20,4.53,4.65,
378,3.96,4.02,4.20,4.54,4.65,
379,3.96,4.03,4.21,4.54,4.66,
380,3.96,4.03,4.21,4.55,4.66,
381,3.96,4.03,4.21,4.56,4.66,
382,3.96,4.04,4.22,4.56,4.67,
383,3.96,4.04,4.22,4.57,4.67,
384,3.97,4.05,4.23,4.58,4.68,
385,3.97,4.05,4.23,4.59,4.68,
386,3.97,4.05,4.24,4.59,4.69,
387,3.97,4.06,4.24,4.60,4.69,
388,3.97,4.06,4.25,4.61,4.70,
389,3.97,4.07,4.25,4.61,4.70,
390,3.98,4.07,4.26,4.62,4.71,
391,3.98,4.07,4.26,4.63,4.71,
392,3.98,4.08,4.26,4.63,4.71,
393,3.98,4.08,4.27,4.64,4.72,
394,3.98,4.09,4.27,4.65,4.72,
395,3.98,4.09,4.28,4.66,4.73,
396,3.98,4.09,4.28,4.66,4.73,
397,3.99,4.10,4.29,4.67,4.74,
398,3.99,4.10,4.29,4.68,4.74,
399,3.99,4.11,4.30,4.68,4.75,
400,3.99,4.11,4.30,4.69,4.75,
401,3.99,4.11,4.30,4.69,4.75,
402,3.99,4.11,4.30,4.69,4.75,
403,3.99,4.12,4.31,4.70,4.76,
404,4.00,4.12,4.31,4.70,4.76,
405,4.00,4.12,4.31,4.70,4.76,
406,4.00,4.12,4.31,4.70,4.76,
407,4.00,4.12,4.31,4.70,4.76,
408,4.00,4.13,4.32,4.71,4.77,
409,4.00,4.13,4.32,4.71,4.77,
410,4.01,4.13,4.32,4.71,4.77,
411,4.01,4.13,4.32,4.71,4.77,
412,4.01,4.13,4.32,4.71,4.77,
413,4.01,4.14,4.33,4.72,4.78,
414,4.01,4.14,4.33,4.72,4.78,
415,4.01,4.14,4.33,4.72,4.78,
416,4.01,4.14,4.33,4.72,4.78,
417,4.02,4.14,4.33,4.72,4.78,
418,4.02,4.15,4.34,4.73,4.79,
419,4.02,4.15,4.34,4.73,4.79,
420,4.02,4.15,4.34,4.73,4.79,
421,4.02,4.15,4.34,4.73,4.79,
422,4.03,4.16,4.35,4.74,4.80,
423,4.03,4.16,4.35,4.74,4.80,
424,4.03,4.16,4.35,4.74,4.80,
425,4.04,4.16,4.35,4.74,4.80,
426,4.04,4.17,4.36,4.75,4.81,
427,4.04,4.17,4.36,4.75,4.81,
428,4.04,4.17,4.36,4.75,4.81,
429,4.05,4.17,4.36,4.75,4.81,
430,4.05,4.18,4.37,4.76,4.82,
431,4.05,4.18,4.37,4.76,4.82,
432,4.06,4.18,4.37,4.76,4.82,
433,4.06,4.18,4.37,4.76,4.82,
434,4.06,4.19,4.38,4.77,4.83,
435,4.07,4.19,4.38,4.77,4.83,
436,4.07,4.19,4.38,4.77,4.83,
437,4.07,4.19,4.38,4.77,4.83,
438,4.07,4.20,4.39,4.78,4.84,
439,4.08,4.20,4.39,4.78,4.84,
440,4.08,4.20,4.39,4.78,4.84,
441,4.08,4.20,4.39,4.78,4.84,
442,4.09,4.21,4.40,4.79,4.85,
443,4.09,4.21,4.40,4.79,4.85,
444,4.10,4.22,4.41,4.80,4.86,
445,4.10,4.22,4.41,4.80,4.86,
446,4.11,4.23,4.42,4.81,4.87,
447,4.11,4.23,4.42,4.81,4.87,
448,4.12,4.24,4.43,4.82,4.88,
449,4.12,4.24,4.43,4.82,4.88,
450,4.13,4.25,4.44,4.83,4.89,
451,4.13,4.25,4.44,4.83,4.89,
452,4.13,4.25,4.44,4.83,4.89,
453,4.14,4.26,4.45,4.84,4.90,
454,4.14,4.26,4.45,4.84,4.90,
455,4.15,4.27,4.46,4.85,4.91,
456,4.15,4.27,4.46,4.85,4.91,
457,4.16,4.28,4.47,4.86,4.92,
458,4.16,4.28,4.47,4.86,4.92,
459,4.17,4.29,4.48,4.87,4.93,
460,4.17,4.29,4.48,4.87,4.93,
461,4.18,4.30,4.49,4.88,4.94,
462,4.18,4.30,4.49,4.88,4.94,
463,4.19,4.31,4.50,4.89,4.95,
464,4.19,4.31,4.50,4.89,4.95,
465,4.20,4.32,4.51,4.90,4.96,
466,4.20,4.32,4.51,4.90,4.96,
467,4.21,4.33,4.52,4.91,4.97,
468,4.21,4.33,4.52,4.91,4.97,
469,4.22,4.34,4.53,4.92,4.98,
470,4.23,4.35,4.54,4.93,4.99,
471,4.23,4.35,4.54,4.93,4.99,
472,4.24,4.36,4.55,4.94,5.00,
473,4.24,4.36,4.55,4.94,5.00,
474,4.25,4.37,4.56,4.95,5.01,
475,4.25,4.37,4.56,4.95,5.01,
476,4.26,4.38,4.57,4.96,5.02,
477,4.26,4.38,4.57,4.96,5.02,
478,4.27,4.39,4.58,4.97,5.03,
479,4.27,4.39,4.58,4.97,5.03,
480,4.28,4.40,4.59,4.98,5.04,
481,4.29,4.41,4.60,4.99,5.05,
482,4.29,4.41,4.60,4.99,5.05,
483,4.30,4.42,4.61,5.00,5.06,
484,4.31,4.43,4.62,5.01,5.07,
485,4.31,4.43,4.62,5.01,5.07,
486,4.32,4.44,4.63,5.02,5.08,
487,4.33,4.45,4.64,5.03,5.09,
488,4.33,4.45,4.64,5.03,5.09,
489,4.34,4.46,4.65,5.04,5.10,
490,4.35,4.47,4.66,5.05,5.11,
491,4.35,4.47,4.66,5.05,5.11,
492,4.36,4.48,4.67,5.06,5.12,
493,4.36,4.48,4.67,5.06,5.12,
494,4.37,4.49,4.68,5.07,5.13,
495,4.38,4.50,4.69,5.08,5.14,
496,4.38,4.50,4.69,5.08,5.14,
497,4.39,4.51,4.70,5.09,5.15,
498,4.40,4.52,4.71,5.10,5.16,
499,4.40,4.52,4.71,5.10,5.16,
500,4.41,4.53,4.72,5.11,5.17,
501,4.42,4.54,4.73,5.12,5.18,
502,4.42,4.54,4.73,5.12,5.18,
503,4.43,4.55,4.74,5.13,5.19,
504,4.44,4.56,4.75,5.14,5.20,
505,4.44,4.56,4.75,5.14,5.20,
506,4.45,4.57,4.76,5.15,5.21,
507,4.46,4.58,4.77,5.16,5.22,
508,4.46,4.58,4.77,5.16,5.22,
509,4.47,4.59,4.78,5.17,5.23,
510,4.48,4.60,4.79,5.18,5.24,
511,4.48,4.60,4.79,5.18,5.24,
512,4.49,4.61,4.80,5.19,5.25,
513,4.49,4.61,4.80,5.19,5.25,
514,4.50,4.62,4.81,5.20,5.26,
515,4.51,4.63,4.82,5.21,5.27,
516,4.51,4.63,4.82,5.21,5.27,
517,4.52,4.64,4.83,5.22,5.28,
518,4.53,4.65,4.84,5.23,5.29,
519,4.53,4.65,4.84,5.23,5.29,
520,4.54,4.66,4.85,5.24,5.30,
521,4.55,4.67,4.86,5.25,5.31,
522,4.55,4.67,4.86,5.25,5.31,
523,4.56,4.68,4.87,5.26,5.32,
524,4.56,4.68,4.87,5.26,5.32,
525,4.57,4.69,4.88,5.27,5.33,
526,4.57,4.70,4.89,5.28,5.34,
527,4.58,4.70,4.89,5.28,5.34,
528,4.58,4.71,4.90,5.29,5.35,
529,4.59,4.71,4.90,5.29,5.35,
530,4.60,4.72,4.91,5.30,5.36,
531,4.60,4.73,4.92,5.31,5.37,
532,4.61,4.73,4.92,5.31,5.37,
533,4.61,4.74,4.93,5.32,5.38,
534,4.62,4.74,4.93,5.32,5.38,
535,4.62,4.75,4.94,5.33,5.39,
536,4.63,4.76,4.95,5.34,5.40,
537,4.63,4.76,4.95,5.34,5.40,
538,4.64,4.77,4.96,5.35,5.41,
539,4.64,4.77,4.96,5.35,5.41,
540,4.65,4.78,4.97,5.36,5.42,
541,4.65,4.78,4.97,5.36,5.42,
542,4.66,4.79,4.98,5.37,5.43,
543,4.66,4.79,4.98,5.37,5.43,
544,4.67,4.80,4.99,5.38,5.44,
545,4.67,4.80,4.99,5.38,5.44,
546,4.68,4.80,4.99,5.38,5.44,
547,4.68,4.81,5.00,5.39,5.45,
548,4.69,4.81,5.00,5.39,5.45,
549,4.69,4.82,5.01,5.40,5.46,
550,4.70,4.82,5.01,5.40,5.46,
551,4.70,4.82,5.01,5.40,5.46,
552,4.70,4.83,5.02,5.41,5.47,
553,4.71,4.83,5.02,5.41,5.47,
554,4.71,4.84,5.03,5.42,5.48,
555,4.72,4.84,5.03,5.42,5.48,
556,4.72,4.84,5.03,5.42,5.48,
557,4.73,4.85,5.04,5.43,5.49,
558,4.73,4.85,5.04,5.43,5.49,
559,4.74,4.86,5.05,5.44,5.50,
560,4.74,4.86,5.05,5.44,5.50,
561,4.74,4.86,5.05,5.44,5.50,
562,4.75,4.87,5.06,5.45,5.51,
563,4.75,4.87,5.06,5.45,5.51,
564,4.75,4.87,5.06,5.45,5.51,
565,4.75,4.87,5.06,5.45,5.51,
566,4.76,4.88,5.07,5.46,5.52,
567,4.76,4.88,5.07,5.46,5.52,
568,4.76,4.88,5.07,5.46,5.52,
569,4.76,4.88,5.07,5.46,5.52,
570,4.77,4.89,5.08,5.47,5.53,
571,4.77,4.89,5.08,5.47,5.53,
572,4.77,4.89,5.08,5.47,5.53,
573,4.77,4.89,5.08,5.47,5.53,
574,4.78,4.90,5.09,5.48,5.54,
575,4.78,4.90,5.09,5.48,5.54,
576,4.78,4.90,5.09,5.48,5.54,
577,4.78,4.90,5.09,5.48,5.54,
578,4.79,4.91,5.10,5.49,5.55,
579,4.79,4.91,5.10,5.49,5.55,
580,4.79,4.91,5.10,5.49,5.55,
581,4.79,4.91,5.10,5.49,5.55,
582,4.79,4.91,5.10,5.49,5.55,
583,4.79,4.91,5.10,5.49,5.55,
584,4.80,4.92,5.11,5.50,5.56,
585,4.80,4.92,5.11,5.50,5.56,
586,4.80,4.92,5.11,5.50,5.56,
587,4.80,4.92,5.11,5.50,5.56,
588,4.80,4.92,5.11,5.50,5.56,
589,4.80,4.92,5.11,5.50,5.56,
590,4.81,4.93,5.12,5.51,5.57,
591,4.81,4.93,5.12,5.51,5.57,
592,4.81,4.93,5.12,5.51,5.57,
593,4.81,4.93,5.12,5.51,5.57,
594,4.81,4.93,5.12,5.51,5.57,
595,4.81,4.93,5.12,5.51,5.57,
596,4.81,4.93,5.12,5.51,5.57,
597,4.82,4.94,5.13,5.52,5.58,
598,4.82,4.94,5.13,5.52,5.58,
599,4.82,4.94,5.13,5.52,5.58,
600,4.82,4.94,5.13,5.52,5.58,
